<?xml version="1.0" encoding="windows-1252"?>
<Collection name="CPUserBaseClassSamples" guid="{48849881-3051-4e80-a697-72fc9ed41c1d}" system="No" updatable="Yes" blockNavigatorNode="No">
	<HelpLink></HelpLink>
	<Help></Help>
	<Addon name="GetInfo" guid="{0D8F362F-B58C-4C51-B88C-00ECFBBF651E}" type="Add-on">
		<DotNetClass><![CDATA[Contensive.Samples.DotNetCSDemos.GetInfoClass]]></DotNetClass>
		<RemoteMethod>yes</RemoteMethod>
	</Addon>
	<Addon name="GetIdByLoginSample" guid="{7e7eb023-c992-4f62-b8b0-3ca0b407fff0}" type="Add-on">
		<Copy></Copy>
		<CopyText></CopyText>
		<ActiveXProgramID></ActiveXProgramID>
		<DotNetClass><![CDATA[Contensive.Samples.GetIdByLoginSample]]></DotNetClass>
		<ArgumentList></ArgumentList>
		<AsAjax>No</AsAjax>
		<Filter>No</Filter>
		<Help></Help>
		<HelpLink></HelpLink>
		<Icon Link="" width="0" height="0" sprites="0" />
		<InIframe>No</InIframe>
		<BlockEditTools>Yes</BlockEditTools>
		<FormXML></FormXML>
		<IsInline>No</IsInline>
		<JavascriptInHead></JavascriptInHead>
		<javascriptForceHead>No</javascriptForceHead>
		<JSHeadScriptSrc></JSHeadScriptSrc>
		<!-- deprecated --><JSBodyScriptSrc></JSBodyScriptSrc>
		<!-- deprecated --><JavascriptBodyEnd></JavascriptBodyEnd>
		<!-- deprecated --><JavascriptOnLoad></JavascriptOnLoad>
		<Content>Yes</Content>
		<Template>No</Template>
		<Email>No</Email>
		<Admin>No</Admin>
		<OnPageEndEvent>No</OnPageEndEvent>
		<OnPageStartEvent>No</OnPageStartEvent>
		<OnBodyStart>No</OnBodyStart>
		<OnBodyEnd>No</OnBodyEnd>
		<RemoteMethod>No</RemoteMethod>
		<ProcessRunOnce>No</ProcessRunOnce>
		<ProcessInterval>0</ProcessInterval>
		<MetaDescription></MetaDescription>
		<OtherHeadTags></OtherHeadTags>
		<PageTitle></PageTitle>
		<RemoteAssetLink></RemoteAssetLink>
		<Styles></Styles>
		<styleslinkhref></styleslinkhref>
		<Scripting Language="VBScript" EntryPoint="" Timeout="5000"/>
	</Addon>
	<Addon name="IsAdvancedEditingSample" guid="{59c20164-c6dd-4142-b420-138dc880c1d8}" type="Add-on">
		<Copy></Copy>
		<CopyText></CopyText>
		<ActiveXProgramID></ActiveXProgramID>
		<DotNetClass><![CDATA[Contensive.Samples.IsAdvancedEditingSample]]></DotNetClass>
		<ArgumentList></ArgumentList>
		<AsAjax>No</AsAjax>
		<Filter>No</Filter>
		<Help></Help>
		<HelpLink></HelpLink>
		<Icon Link="" width="0" height="0" sprites="0" />
		<InIframe>No</InIframe>
		<BlockEditTools>Yes</BlockEditTools>
		<FormXML></FormXML>
		<IsInline>No</IsInline>
		<JavascriptInHead></JavascriptInHead>
		<javascriptForceHead>No</javascriptForceHead>
		<JSHeadScriptSrc></JSHeadScriptSrc>
		<!-- deprecated --><JSBodyScriptSrc></JSBodyScriptSrc>
		<!-- deprecated --><JavascriptBodyEnd></JavascriptBodyEnd>
		<!-- deprecated --><JavascriptOnLoad></JavascriptOnLoad>
		<Content>Yes</Content>
		<Template>No</Template>
		<Email>No</Email>
		<Admin>No</Admin>
		<OnPageEndEvent>No</OnPageEndEvent>
		<OnPageStartEvent>No</OnPageStartEvent>
		<OnBodyStart>No</OnBodyStart>
		<OnBodyEnd>No</OnBodyEnd>
		<RemoteMethod>No</RemoteMethod>
		<ProcessRunOnce>No</ProcessRunOnce>
		<ProcessInterval>0</ProcessInterval>
		<MetaDescription></MetaDescription>
		<OtherHeadTags></OtherHeadTags>
		<PageTitle></PageTitle>
		<RemoteAssetLink></RemoteAssetLink>
		<Styles></Styles>
		<styleslinkhref></styleslinkhref>
		<Scripting Language="VBScript" EntryPoint="" Timeout="5000"/>
	</Addon>
	<Addon name="IsContentManagerSample" guid="{a3e8782f-6b3e-4a6f-a717-d516aa4b8848}" type="Add-on">
		<Copy></Copy>
		<CopyText></CopyText>
		<ActiveXProgramID></ActiveXProgramID>
		<DotNetClass><![CDATA[Contensive.Samples.IsContentManagerSample]]></DotNetClass>
		<ArgumentList></ArgumentList>
		<AsAjax>No</AsAjax>
		<Filter>No</Filter>
		<Help></Help>
		<HelpLink></HelpLink>
		<Icon Link="" width="0" height="0" sprites="0" />
		<InIframe>No</InIframe>
		<BlockEditTools>Yes</BlockEditTools>
		<FormXML></FormXML>
		<IsInline>No</IsInline>
		<JavascriptInHead></JavascriptInHead>
		<javascriptForceHead>No</javascriptForceHead>
		<JSHeadScriptSrc></JSHeadScriptSrc>
		<!-- deprecated --><JSBodyScriptSrc></JSBodyScriptSrc>
		<!-- deprecated --><JavascriptBodyEnd></JavascriptBodyEnd>
		<!-- deprecated --><JavascriptOnLoad></JavascriptOnLoad>
		<Content>Yes</Content>
		<Template>No</Template>
		<Email>No</Email>
		<Admin>No</Admin>
		<OnPageEndEvent>No</OnPageEndEvent>
		<OnPageStartEvent>No</OnPageStartEvent>
		<OnBodyStart>No</OnBodyStart>
		<OnBodyEnd>No</OnBodyEnd>
		<RemoteMethod>No</RemoteMethod>
		<ProcessRunOnce>No</ProcessRunOnce>
		<ProcessInterval>0</ProcessInterval>
		<MetaDescription></MetaDescription>
		<OtherHeadTags></OtherHeadTags>
		<PageTitle></PageTitle>
		<RemoteAssetLink></RemoteAssetLink>
		<Styles></Styles>
		<styleslinkhref></styleslinkhref>
		<Scripting Language="VBScript" EntryPoint="" Timeout="5000"/>
	</Addon>
	<Addon name="IsEditingSample" guid="{1214d632-be2b-492e-aba5-1b69a69085f2}" type="Add-on">
		<Copy></Copy>
		<CopyText></CopyText>
		<ActiveXProgramID></ActiveXProgramID>
		<DotNetClass><![CDATA[Contensive.Samples.IsEditingSample]]></DotNetClass>
		<ArgumentList></ArgumentList>
		<AsAjax>No</AsAjax>
		<Filter>No</Filter>
		<Help></Help>
		<HelpLink></HelpLink>
		<Icon Link="" width="0" height="0" sprites="0" />
		<InIframe>No</InIframe>
		<BlockEditTools>Yes</BlockEditTools>
		<FormXML></FormXML>
		<IsInline>No</IsInline>
		<JavascriptInHead></JavascriptInHead>
		<javascriptForceHead>No</javascriptForceHead>
		<JSHeadScriptSrc></JSHeadScriptSrc>
		<!-- deprecated --><JSBodyScriptSrc></JSBodyScriptSrc>
		<!-- deprecated --><JavascriptBodyEnd></JavascriptBodyEnd>
		<!-- deprecated --><JavascriptOnLoad></JavascriptOnLoad>
		<Content>Yes</Content>
		<Template>No</Template>
		<Email>No</Email>
		<Admin>No</Admin>
		<OnPageEndEvent>No</OnPageEndEvent>
		<OnPageStartEvent>No</OnPageStartEvent>
		<OnBodyStart>No</OnBodyStart>
		<OnBodyEnd>No</OnBodyEnd>
		<RemoteMethod>No</RemoteMethod>
		<ProcessRunOnce>No</ProcessRunOnce>
		<ProcessInterval>0</ProcessInterval>
		<MetaDescription></MetaDescription>
		<OtherHeadTags></OtherHeadTags>
		<PageTitle></PageTitle>
		<RemoteAssetLink></RemoteAssetLink>
		<Styles></Styles>
		<styleslinkhref></styleslinkhref>
		<Scripting Language="VBScript" EntryPoint="" Timeout="5000"/>
	</Addon>
	<Addon name="IsInGroupListSample" guid="{a980ae34-50b7-4946-a07e-879a4763145c}" type="Add-on">
		<Copy></Copy>
		<CopyText></CopyText>
		<ActiveXProgramID></ActiveXProgramID>
		<DotNetClass><![CDATA[Contensive.Samples.IsInGroupListSample]]></DotNetClass>
		<ArgumentList></ArgumentList>
		<AsAjax>No</AsAjax>
		<Filter>No</Filter>
		<Help></Help>
		<HelpLink></HelpLink>
		<Icon Link="" width="0" height="0" sprites="0" />
		<InIframe>No</InIframe>
		<BlockEditTools>Yes</BlockEditTools>
		<FormXML></FormXML>
		<IsInline>No</IsInline>
		<JavascriptInHead></JavascriptInHead>
		<javascriptForceHead>No</javascriptForceHead>
		<JSHeadScriptSrc></JSHeadScriptSrc>
		<!-- deprecated --><JSBodyScriptSrc></JSBodyScriptSrc>
		<!-- deprecated --><JavascriptBodyEnd></JavascriptBodyEnd>
		<!-- deprecated --><JavascriptOnLoad></JavascriptOnLoad>
		<Content>Yes</Content>
		<Template>No</Template>
		<Email>No</Email>
		<Admin>No</Admin>
		<OnPageEndEvent>No</OnPageEndEvent>
		<OnPageStartEvent>No</OnPageStartEvent>
		<OnBodyStart>No</OnBodyStart>
		<OnBodyEnd>No</OnBodyEnd>
		<RemoteMethod>No</RemoteMethod>
		<ProcessRunOnce>No</ProcessRunOnce>
		<ProcessInterval>0</ProcessInterval>
		<MetaDescription></MetaDescription>
		<OtherHeadTags></OtherHeadTags>
		<PageTitle></PageTitle>
		<RemoteAssetLink></RemoteAssetLink>
		<Styles></Styles>
		<styleslinkhref></styleslinkhref>
		<Scripting Language="VBScript" EntryPoint="" Timeout="5000"/>
	</Addon>
	<Addon name="IsInGroupSample" guid="{731262d4-6e8b-43f5-9793-8cb45e93e838}" type="Add-on">
		<Copy></Copy>
		<CopyText></CopyText>
		<ActiveXProgramID></ActiveXProgramID>
		<DotNetClass><![CDATA[Contensive.Samples.IsInGroupSample]]></DotNetClass>
		<ArgumentList></ArgumentList>
		<AsAjax>No</AsAjax>
		<Filter>No</Filter>
		<Help></Help>
		<HelpLink></HelpLink>
		<Icon Link="" width="0" height="0" sprites="0" />
		<InIframe>No</InIframe>
		<BlockEditTools>Yes</BlockEditTools>
		<FormXML></FormXML>
		<IsInline>No</IsInline>
		<JavascriptInHead></JavascriptInHead>
		<javascriptForceHead>No</javascriptForceHead>
		<JSHeadScriptSrc></JSHeadScriptSrc>
		<!-- deprecated --><JSBodyScriptSrc></JSBodyScriptSrc>
		<!-- deprecated --><JavascriptBodyEnd></JavascriptBodyEnd>
		<!-- deprecated --><JavascriptOnLoad></JavascriptOnLoad>
		<Content>Yes</Content>
		<Template>No</Template>
		<Email>No</Email>
		<Admin>No</Admin>
		<OnPageEndEvent>No</OnPageEndEvent>
		<OnPageStartEvent>No</OnPageStartEvent>
		<OnBodyStart>No</OnBodyStart>
		<OnBodyEnd>No</OnBodyEnd>
		<RemoteMethod>No</RemoteMethod>
		<ProcessRunOnce>No</ProcessRunOnce>
		<ProcessInterval>0</ProcessInterval>
		<MetaDescription></MetaDescription>
		<OtherHeadTags></OtherHeadTags>
		<PageTitle></PageTitle>
		<RemoteAssetLink></RemoteAssetLink>
		<Styles></Styles>
		<styleslinkhref></styleslinkhref>
		<Scripting Language="VBScript" EntryPoint="" Timeout="5000"/>
	</Addon>
	<Addon name="IsNewLoginOkSample" guid="{eabf2b2a-a2b4-458c-8a35-4164eb4c9ff1}" type="Add-on">
		<Copy></Copy>
		<CopyText></CopyText>
		<ActiveXProgramID></ActiveXProgramID>
		<DotNetClass><![CDATA[Contensive.Samples.IsNewLoginOkSample]]></DotNetClass>
		<ArgumentList></ArgumentList>
		<AsAjax>No</AsAjax>
		<Filter>No</Filter>
		<Help></Help>
		<HelpLink></HelpLink>
		<Icon Link="" width="0" height="0" sprites="0" />
		<InIframe>No</InIframe>
		<BlockEditTools>Yes</BlockEditTools>
		<FormXML></FormXML>
		<IsInline>No</IsInline>
		<JavascriptInHead></JavascriptInHead>
		<javascriptForceHead>No</javascriptForceHead>
		<JSHeadScriptSrc></JSHeadScriptSrc>
		<!-- deprecated --><JSBodyScriptSrc></JSBodyScriptSrc>
		<!-- deprecated --><JavascriptBodyEnd></JavascriptBodyEnd>
		<!-- deprecated --><JavascriptOnLoad></JavascriptOnLoad>
		<Content>Yes</Content>
		<Template>No</Template>
		<Email>No</Email>
		<Admin>No</Admin>
		<OnPageEndEvent>No</OnPageEndEvent>
		<OnPageStartEvent>No</OnPageStartEvent>
		<OnBodyStart>No</OnBodyStart>
		<OnBodyEnd>No</OnBodyEnd>
		<RemoteMethod>No</RemoteMethod>
		<ProcessRunOnce>No</ProcessRunOnce>
		<ProcessInterval>0</ProcessInterval>
		<MetaDescription></MetaDescription>
		<OtherHeadTags></OtherHeadTags>
		<PageTitle></PageTitle>
		<RemoteAssetLink></RemoteAssetLink>
		<Styles></Styles>
		<styleslinkhref></styleslinkhref>
		<Scripting Language="VBScript" EntryPoint="" Timeout="5000"/>
	</Addon>
	<Addon name="IsQuickEditingSample" guid="{662f9d70-edea-467e-830a-e32dbbadaf23}" type="Add-on">
		<Copy></Copy>
		<CopyText></CopyText>
		<ActiveXProgramID></ActiveXProgramID>
		<DotNetClass><![CDATA[Contensive.Samples.IsQuickEditingSample]]></DotNetClass>
		<ArgumentList></ArgumentList>
		<AsAjax>No</AsAjax>
		<Filter>No</Filter>
		<Help></Help>
		<HelpLink></HelpLink>
		<Icon Link="" width="0" height="0" sprites="0" />
		<InIframe>No</InIframe>
		<BlockEditTools>Yes</BlockEditTools>
		<FormXML></FormXML>
		<IsInline>No</IsInline>
		<JavascriptInHead></JavascriptInHead>
		<javascriptForceHead>No</javascriptForceHead>
		<JSHeadScriptSrc></JSHeadScriptSrc>
		<!-- deprecated --><JSBodyScriptSrc></JSBodyScriptSrc>
		<!-- deprecated --><JavascriptBodyEnd></JavascriptBodyEnd>
		<!-- deprecated --><JavascriptOnLoad></JavascriptOnLoad>
		<Content>Yes</Content>
		<Template>No</Template>
		<Email>No</Email>
		<Admin>No</Admin>
		<OnPageEndEvent>No</OnPageEndEvent>
		<OnPageStartEvent>No</OnPageStartEvent>
		<OnBodyStart>No</OnBodyStart>
		<OnBodyEnd>No</OnBodyEnd>
		<RemoteMethod>No</RemoteMethod>
		<ProcessRunOnce>No</ProcessRunOnce>
		<ProcessInterval>0</ProcessInterval>
		<MetaDescription></MetaDescription>
		<OtherHeadTags></OtherHeadTags>
		<PageTitle></PageTitle>
		<RemoteAssetLink></RemoteAssetLink>
		<Styles></Styles>
		<styleslinkhref></styleslinkhref>
		<Scripting Language="VBScript" EntryPoint="" Timeout="5000"/>
	</Addon>
	<Addon name="LoginByIdSample" guid="{1c7c6907-0a3e-4888-bbee-42b9f376c3d7}" type="Add-on">
		<Copy></Copy>
		<CopyText></CopyText>
		<ActiveXProgramID></ActiveXProgramID>
		<DotNetClass><![CDATA[Contensive.Samples.LoginByIdSample]]></DotNetClass>
		<ArgumentList></ArgumentList>
		<AsAjax>No</AsAjax>
		<Filter>No</Filter>
		<Help></Help>
		<HelpLink></HelpLink>
		<Icon Link="" width="0" height="0" sprites="0" />
		<InIframe>No</InIframe>
		<BlockEditTools>Yes</BlockEditTools>
		<FormXML></FormXML>
		<IsInline>No</IsInline>
		<JavascriptInHead></JavascriptInHead>
		<javascriptForceHead>No</javascriptForceHead>
		<JSHeadScriptSrc></JSHeadScriptSrc>
		<!-- deprecated --><JSBodyScriptSrc></JSBodyScriptSrc>
		<!-- deprecated --><JavascriptBodyEnd></JavascriptBodyEnd>
		<!-- deprecated --><JavascriptOnLoad></JavascriptOnLoad>
		<Content>No</Content>
		<Template>No</Template>
		<Email>No</Email>
		<Admin>No</Admin>
		<OnPageEndEvent>No</OnPageEndEvent>
		<OnPageStartEvent>No</OnPageStartEvent>
		<OnBodyStart>No</OnBodyStart>
		<OnBodyEnd>No</OnBodyEnd>
		<RemoteMethod>No</RemoteMethod>
		<ProcessRunOnce>No</ProcessRunOnce>
		<ProcessInterval>0</ProcessInterval>
		<MetaDescription></MetaDescription>
		<OtherHeadTags></OtherHeadTags>
		<PageTitle></PageTitle>
		<RemoteAssetLink></RemoteAssetLink>
		<Styles></Styles>
		<styleslinkhref></styleslinkhref>
		<Scripting Language="VBScript" EntryPoint="" Timeout="5000"/>
	</Addon>
	<Addon name="LoginIsOkSample" guid="{42cf01f4-02a9-471d-bd3e-468790849572}" type="Add-on">
		<Copy></Copy>
		<CopyText></CopyText>
		<ActiveXProgramID></ActiveXProgramID>
		<DotNetClass><![CDATA[Contensive.Samples.LoginIsOkSample]]></DotNetClass>
		<ArgumentList></ArgumentList>
		<AsAjax>No</AsAjax>
		<Filter>No</Filter>
		<Help></Help>
		<HelpLink></HelpLink>
		<Icon Link="" width="0" height="0" sprites="0" />
		<InIframe>No</InIframe>
		<BlockEditTools>Yes</BlockEditTools>
		<FormXML></FormXML>
		<IsInline>No</IsInline>
		<JavascriptInHead></JavascriptInHead>
		<javascriptForceHead>No</javascriptForceHead>
		<JSHeadScriptSrc></JSHeadScriptSrc>
		<!-- deprecated --><JSBodyScriptSrc></JSBodyScriptSrc>
		<!-- deprecated --><JavascriptBodyEnd></JavascriptBodyEnd>
		<!-- deprecated --><JavascriptOnLoad></JavascriptOnLoad>
		<Content>No</Content>
		<Template>Yes</Template>
		<Email>No</Email>
		<Admin>No</Admin>
		<OnPageEndEvent>No</OnPageEndEvent>
		<OnPageStartEvent>No</OnPageStartEvent>
		<OnBodyStart>No</OnBodyStart>
		<OnBodyEnd>No</OnBodyEnd>
		<RemoteMethod>No</RemoteMethod>
		<ProcessRunOnce>No</ProcessRunOnce>
		<ProcessInterval>0</ProcessInterval>
		<MetaDescription></MetaDescription>
		<OtherHeadTags></OtherHeadTags>
		<PageTitle></PageTitle>
		<RemoteAssetLink></RemoteAssetLink>
		<Styles></Styles>
		<styleslinkhref></styleslinkhref>
		<Scripting Language="VBScript" EntryPoint="" Timeout="5000"/>
	</Addon>
	<Addon name="LoginSample" guid="{dc1465c3-0757-4271-92d8-ee311bb35bd8}" type="Add-on">
		<Copy></Copy>
		<CopyText></CopyText>
		<ActiveXProgramID></ActiveXProgramID>
		<DotNetClass><![CDATA[Contensive.Samples.LoginSample]]></DotNetClass>
		<ArgumentList></ArgumentList>
		<AsAjax>No</AsAjax>
		<Filter>No</Filter>
		<Help></Help>
		<HelpLink></HelpLink>
		<Icon Link="" width="0" height="0" sprites="0" />
		<InIframe>No</InIframe>
		<BlockEditTools>Yes</BlockEditTools>
		<FormXML></FormXML>
		<IsInline>No</IsInline>
		<JavascriptInHead></JavascriptInHead>
		<javascriptForceHead>No</javascriptForceHead>
		<JSHeadScriptSrc></JSHeadScriptSrc>
		<!-- deprecated --><JSBodyScriptSrc></JSBodyScriptSrc>
		<!-- deprecated --><JavascriptBodyEnd></JavascriptBodyEnd>
		<!-- deprecated --><JavascriptOnLoad></JavascriptOnLoad>
		<Content>Yes</Content>
		<Template>No</Template>
		<Email>No</Email>
		<Admin>No</Admin>
		<OnPageEndEvent>No</OnPageEndEvent>
		<OnPageStartEvent>No</OnPageStartEvent>
		<OnBodyStart>No</OnBodyStart>
		<OnBodyEnd>No</OnBodyEnd>
		<RemoteMethod>No</RemoteMethod>
		<ProcessRunOnce>No</ProcessRunOnce>
		<ProcessInterval>0</ProcessInterval>
		<MetaDescription></MetaDescription>
		<OtherHeadTags></OtherHeadTags>
		<PageTitle></PageTitle>
		<RemoteAssetLink></RemoteAssetLink>
		<Styles></Styles>
		<styleslinkhref></styleslinkhref>
		<Scripting Language="VBScript" EntryPoint="" Timeout="5000"/>
	</Addon>
	<Addon name="LogoutSample" guid="{bfc2667a-e9c8-45a5-b1fd-6abd5d3a8a62}" type="Add-on">
		<Copy></Copy>
		<CopyText></CopyText>
		<ActiveXProgramID></ActiveXProgramID>
		<DotNetClass><![CDATA[Contensive.Samples.LogoutSample]]></DotNetClass>
		<ArgumentList></ArgumentList>
		<AsAjax>No</AsAjax>
		<Filter>No</Filter>
		<Help></Help>
		<HelpLink></HelpLink>
		<Icon Link="" width="0" height="0" sprites="0" />
		<InIframe>No</InIframe>
		<BlockEditTools>Yes</BlockEditTools>
		<FormXML></FormXML>
		<IsInline>No</IsInline>
		<JavascriptInHead></JavascriptInHead>
		<javascriptForceHead>No</javascriptForceHead>
		<JSHeadScriptSrc></JSHeadScriptSrc>
		<!-- deprecated --><JSBodyScriptSrc></JSBodyScriptSrc>
		<!-- deprecated --><JavascriptBodyEnd></JavascriptBodyEnd>
		<!-- deprecated --><JavascriptOnLoad></JavascriptOnLoad>
		<Content>Yes</Content>
		<Template>No</Template>
		<Email>No</Email>
		<Admin>No</Admin>
		<OnPageEndEvent>No</OnPageEndEvent>
		<OnPageStartEvent>No</OnPageStartEvent>
		<OnBodyStart>No</OnBodyStart>
		<OnBodyEnd>No</OnBodyEnd>
		<RemoteMethod>No</RemoteMethod>
		<ProcessRunOnce>No</ProcessRunOnce>
		<ProcessInterval>0</ProcessInterval>
		<MetaDescription></MetaDescription>
		<OtherHeadTags></OtherHeadTags>
		<PageTitle></PageTitle>
		<RemoteAssetLink></RemoteAssetLink>
		<Styles></Styles>
		<styleslinkhref></styleslinkhref>
		<Scripting Language="VBScript" EntryPoint="" Timeout="5000"/>
	</Addon>
	<Addon name="RecognizeSample" guid="{2bd3d67b-9512-4edc-89d2-7f13155bfc3c}" type="Add-on">
		<Copy></Copy>
		<CopyText></CopyText>
		<ActiveXProgramID></ActiveXProgramID>
		<DotNetClass><![CDATA[Contensive.Samples.RecognizeSample]]></DotNetClass>
		<ArgumentList></ArgumentList>
		<AsAjax>No</AsAjax>
		<Filter>No</Filter>
		<Help></Help>
		<HelpLink></HelpLink>
		<Icon Link="" width="0" height="0" sprites="0" />
		<InIframe>No</InIframe>
		<BlockEditTools>Yes</BlockEditTools>
		<FormXML></FormXML>
		<IsInline>No</IsInline>
		<JavascriptInHead></JavascriptInHead>
		<javascriptForceHead>No</javascriptForceHead>
		<JSHeadScriptSrc></JSHeadScriptSrc>
		<!-- deprecated --><JSBodyScriptSrc></JSBodyScriptSrc>
		<!-- deprecated --><JavascriptBodyEnd></JavascriptBodyEnd>
		<!-- deprecated --><JavascriptOnLoad></JavascriptOnLoad>
		<Content>Yes</Content>
		<Template>No</Template>
		<Email>No</Email>
		<Admin>No</Admin>
		<OnPageEndEvent>No</OnPageEndEvent>
		<OnPageStartEvent>No</OnPageStartEvent>
		<OnBodyStart>No</OnBodyStart>
		<OnBodyEnd>No</OnBodyEnd>
		<RemoteMethod>No</RemoteMethod>
		<ProcessRunOnce>No</ProcessRunOnce>
		<ProcessInterval>0</ProcessInterval>
		<MetaDescription></MetaDescription>
		<OtherHeadTags></OtherHeadTags>
		<PageTitle></PageTitle>
		<RemoteAssetLink></RemoteAssetLink>
		<Styles></Styles>
		<styleslinkhref></styleslinkhref>
		<Scripting Language="VBScript" EntryPoint="" Timeout="5000"/>
	</Addon>
</Collection>