<?xml version="1.0" encoding="windows-1252"?>
<Collection name="CPUserBaseClassSamples" guid="{48849881-3051-4e80-a697-72fc9ed41c1d}" system="No" updatable="Yes" blockNavigatorNode="No">
	<HelpLink></HelpLink>
	<Help></Help>
	<Addon name="LoginSample" guid="{dc1465c3-0757-4271-92d8-ee311bb35bd8}" type="Add-on">
		<Copy></Copy>
		<CopyText></CopyText>
		<ActiveXProgramID></ActiveXProgramID>
		<DotNetClass><![CDATA[MyNameSpace.LoginSample]]></DotNetClass>
		<ArgumentList></ArgumentList>
		<AsAjax>No</AsAjax>
		<Filter>No</Filter>
		<Help></Help>
		<HelpLink></HelpLink>
		<Icon Link="" width="0" height="0" sprites="0" />
		<InIframe>No</InIframe>
		<BlockEditTools>Yes</BlockEditTools>
		<FormXML></FormXML>
		<IsInline>No</IsInline>
		<JavascriptInHead></JavascriptInHead>
		<javascriptForceHead>No</javascriptForceHead>
		<JSHeadScriptSrc></JSHeadScriptSrc>
		<!-- deprecated --><JSBodyScriptSrc></JSBodyScriptSrc>
		<!-- deprecated --><JavascriptBodyEnd></JavascriptBodyEnd>
		<!-- deprecated --><JavascriptOnLoad></JavascriptOnLoad>
		<Content>Yes</Content>
		<Template>No</Template>
		<Email>No</Email>
		<Admin>No</Admin>
		<OnPageEndEvent>No</OnPageEndEvent>
		<OnPageStartEvent>No</OnPageStartEvent>
		<OnBodyStart>No</OnBodyStart>
		<OnBodyEnd>No</OnBodyEnd>
		<RemoteMethod>No</RemoteMethod>
		<ProcessRunOnce>No</ProcessRunOnce>
		<ProcessInterval>0</ProcessInterval>
		<MetaDescription></MetaDescription>
		<OtherHeadTags></OtherHeadTags>
		<PageTitle></PageTitle>
		<RemoteAssetLink></RemoteAssetLink>
		<Styles></Styles>
		<styleslinkhref></styleslinkhref>
		<Scripting Language="" EntryPoint="" Timeout="5000"/>
	</Addon>
</Collection>